Artist,Countries
*NSYNC,global|be|ca
187 Strassenbande,global
2 Chainz,global|be|ca
21 Savage,global|be|ca|fr
22 Savage,global|ca
24kGoldn,global|be|ca
5 Seconds of Summer,global|be|ca|fr
6LACK,global|be|ca
6ix9ine,global|be|ca|fr
88-Keys,global|ca
A Boogie Wit da Hoodie,global|be|ca|fr
A R I Z O N A,global|be|ca|fr
A$AP Ferg,global|be|ca
A$AP Mob,global|ca
A$AP Rocky,global|be|ca|fr
AC/DC,global|be|ca|fr
AJR,global|be|ca|fr
AK AUSSERKONTROLLE,global
ALMA,global|be|ca
Aaron Carter,global|be|ca|fr
Aaron Smith,global
Ab-Soul,global|be|ca|fr
Abraham Mateo,global
Adele,global|be|ca|fr
Aitana,global
Alan Walker,global|be|ca|fr
Aldair Playboy,global
Alec Benjamin,global|be|ca|fr
Alejandro Fernández,global
Alessia Cara,global|be|ca|fr
Alesso,global|be|ca|fr
Alex Rose,global
Alex Sensation,global
Ali Gatie,global|be|ca
Alicia Keys,global|be|ca|fr
Alok,global|be|ca|fr
Alvaro Soler,global|be|fr
Amenazzy,global
Aminé,global|be|ca
Anderson .Paak,global|be|ca
Andy Grammer,global|ca
Andy Williams,global|be|ca|fr
Anita Kerr Singers,global|be|ca
Anitta,global|be|ca
Anne-Marie,global|be|ca|fr
Ant Saunders,global|be|ca
Anuel AA,global|be|ca|fr
Apache 207,global
Arcangel,global
Arctic Monkeys,global|be|ca|fr
Aretha Franklin,global|be|ca|fr
Ariana Grande,global|be|ca|fr
Arizona Zervas,global|be|ca|fr
Armin van Buuren,global|be|fr
Ashe,global|be|ca|fr
Ashley O,global|be|ca
Astrid S,global|be|ca
Audioslave,global|ca
Austyn Johnson,global
Ava Max,global|be|ca|fr
Aventura,global
Avicii,global|be|ca|fr
Avril Lavigne,global|be|ca
Axwell /\ Ingrosso,global|be|ca|fr
Ayo and Teo,global|ca
Azet,global
BENEE,global|be|ca|fr
BLACKPINK,global|be|ca|fr
BRADO,global
BROCKHAMPTON,global|be|ca
BTS,global|be|ca|fr
Backstreet Boys,global|be|ca
Bad Bunny,global|be|ca|fr
Baddiel Skinner and Lightning Seeds,global
Bag Raiders,global|be|fr
Band Aid,global|be|ca|fr
Band Aid 30,global
Banx and Ranx,global|be|ca|fr
Bas,global|ca
Bass Santana,global|ca
Bastille,global|be|fr
Bausa,global
Bazzi,global|be|ca|fr
Bebe Rexha,global|be|ca|fr
Becky G,global|be|ca|fr
Bee Gees,global|be|ca|fr
Benjamin Ingrosso,global|be|fr
Beyoncé,global|be|ca|fr
Big Sean,global|be|ca|fr
Big Shaq,global|be|ca|fr
Bill Withers,global|be|fr
Billie Eilish,global|be|ca|fr
Bing Crosby,global|be|ca|fr
Bizarrap,global
Black Eyed Peas,global|be|ca|fr
Blanche,global|be
Blanco Brown,global|be|ca
BlocBoy JB,global|be|ca|fr
Blue Ivy,global|be|ca
Blue Öyster Cult,global|ca
Blueface,global|be|ca
Bobby "Boris" Pickett,global|ca
Bobby Helms,global|be|ca|fr
Boef,global|be
Bomba Estéreo,global
Bon Iver,global|be|ca
Boney M.,global|be|ca
Bonez MC,global
Bonnie Tyler,global
Booba,global|be|fr
Brenda Lee,global|be|ca|fr
Brent Faiyaz,global|ca
Brett Eldredge,global|be|ca|fr
Bring Me The Horizon,global|be
Britney Spears,global|be|ca|fr
Bruce Springsteen,global|be|ca
Bruno Mars,global|be|ca|fr
Bryan Adams,global|be|ca|fr
Bryant Myers,global
Bryce Vine,global|be|ca
Bryson Tiller,global|be|ca
Brytiago,global
Burak Yeter,global|be|fr
Burl Ives,global|be|ca|fr
Bushido,global
C. Tangana,global
CHVRCHES,global|be
CNCO,global|be|ca|fr
Calboy,global|ca
Cali Y El Dandee,global
Calum Scott,global|be|ca
Calvin Harris,global|be|ca|fr
Camila Cabello,global|be|ca|fr
Camilo,global
Capital Bra,global
Capo Plaza,global
Cardi B,global|be|ca|fr
Carlos Vives,global
Carly Rae Jepsen,global|be|ca|fr
Carnage,global|be|ca
Carpenters,global|be|ca|fr
Cash Cash,global|be|ca
Cashmere Cat,global|be|ca
Cauty,global
Chance the Rapper,global|be|ca
Charli XCX,global|be|ca
Charlie Charles,global
Charlie Puth,global|be|ca|fr
Charly Black,global
Cheat Codes,global|be|ca|fr
Childish Gambino,global|be|ca|fr
Chino and Nacho,global
ChocQuibTown,global
Chris Brown,global|be|ca|fr
Chris Cornell,global|ca
Chris Jedi,global
Chris Rea,global|be|ca|fr
Christian Nodal,global
Christina Aguilera,global|be|ca|fr
Christina Perri,global|be|ca|fr
Chuck Berry,global|be|ca|fr
Clean Bandit,global|be|ca|fr
Cliff Richard,global
Coez,global
Coldplay,global|be|ca|fr
Conan Gray,global|ca
Cordae,global
Cosculluela,global
Craig David,global|be|ca
Céline Dion,global|be|ca|fr
DENNIS,global
DJ A1,global|ca
DJ Durel,global|ca
DJ Jazzy Jeff and The Fresh Prince,global|ca
DJ Jonathan,global
DJ Khaled,global|be|ca|fr
DJ Luian,global
DJ Snake,global|be|ca|fr
DNCE,global|be|ca|fr
DVBBS,global|be|ca
DaBaby,global|be|ca|fr
Daddy Yankee,global|be|ca|fr
Dadá Boladão,global
Dalex,global
Damso,global|be|fr
Dan + Shay,global|be|ca|fr
Daniel Caesar,global|ca
Danny Ocean,global|be|ca|fr
Dante Klein,global|be|ca
Dardan,global
Dark Polo Gang,global
Darlene Love,global|be|ca|fr
Daryl Hall and John Oates,global|be|ca|fr
David Guetta,global|be|ca|fr
Daya,global|be|ca
Dayvi,global|fr
De La Ghetto,global
Dean Lewis,global|be|ca|fr
Dean Martin,global|be|ca|fr
Demi Lovato,global|be|ca|fr
Dennis Lloyd,global|be|ca|fr
Dermot Kennedy,global|be|ca|fr
Desiigner,global|be|ca|fr
Destiny's Child,global|be|ca
Devin Dawson,global|be|ca
Dimitri Vegas and Like Mike,global|be|ca|fr
Diodato,global
Diplo,global|be|ca|fr
Dj Kass,global
Doja Cat,global|be|ca|fr
Dolly Parton,global|be|ca
Dominic Fike,global|be|ca|fr
Don Khuma,global
Don Omar,global|be
Don Patricio,global
Don Toliver,global|be|ca|fr
Donny Hathaway,global|be|ca
Drake,global|be|ca|fr
Dreamville,global|ca
DripReport,global|be|ca|fr
Dua Lipa,global|be|ca|fr
Duki,global
Duncan Laurence,global|be|fr
Dynoro,global|be|ca|fr
Dímelo Flow,global
EXO,global
Eagles,global|be|ca|fr
Earth Wind and Fire,global|be|ca|fr
Eartha Kitt,global|be|ca
Ed Sheeran,global|be|ca|fr
El Profesor,global|be|fr
Electric Light Orchestra,global
Eleni Foureira,global|be
Ella Fitzgerald,global|be|ca|fr
Ella Mai,global|be|ca
Ellie Goulding,global|be|ca|fr
Elton John,global|be|ca|fr
Elvis Presley,global|be|ca|fr
Eminem,global|be|ca|fr
Emma Stone,global|be|fr
Eno,global
Enrique Iglesias,global|be|ca|fr
Eurythmics,global|be|fr
FLETCHER,global|be|ca
FRENSHIP,global|be|ca|fr
Fall Out Boy,global|be|ca
Famous Dex,global|be|ca
Farid Bang,global|fr
Farruko,global
Fedez,global
Feid,global
Felipe Araújo,global
Felipe Original,global
Felix Jaehn,global|be|ca
Fero47,global
Fifth Harmony,global|be|ca|fr
Fleetwood Mac,global|be|ca
Flipp Dinero,global|be|ca
Flo Rida,global|be|ca
Florence + The Machine,global|be|ca
Florida Georgia Line,global|ca
Flume,global|be|ca|fr
Foo Fighters,global|be|ca
Foster The People,global|be|ca|fr
Frank Ocean,global|be|ca
Frank Sinatra,global|be|ca|fr
French Montana,global|be|ca|fr
Frenna,global|be
Future,global|be|ca|fr
G Herbo,global|ca
G-Eazy,global|be|ca|fr
GASHI,global|be|ca
Gabriel Diniz,global
Galantis,global|be|ca|fr
Gambi,global|be|fr
Gaullin,global|be|ca|fr
Gemitaiz,global
Gene Autry,global|be|ca
Gente De Zona,global
George Ezra,global|be|ca|fr
Gesaffelstein,global|be|ca|fr
Ghali,global
Glades,global|be|ca
Gorillaz,global|be|ca|fr
Gradur,global|be|fr
Green Day,global|ca
Grey,global|be|ca
Gryffin,global|be|ca|fr
Guayna,global
Guaynaa,global
Gucci Mane,global|be|ca|fr
Guilherme and Benuto,global
Gunna,global|be|ca
Gusttavo Lima,global
Guè Pequeno,global
Gwen Stefani,global|be|ca|fr
Gzuz,global
H.E.R.,global|ca
HAIM,global|be
HRVY,global|be
Hailee Steinfeld,global|be|ca|fr
Halsey,global|be|ca|fr
Hannah Kerr,global|be|ca
Harry Styles,global|be|ca|fr
Hayley Kiyoko,global|be
Hayley Williams,global
Hearts and Colors,global|be|ca|fr
Henrique and Juliano,global
Herve Pagez,global|fr
Hozier,global|be|ca|fr
Hugh Jackman,global
Humberto and Ronaldo,global
Huncho Jack,global|be|ca|fr
IAmChino,global
ILLENIUM,global|ca
ITZY,global
Idina Menzel,global|be|ca|fr
Iggy Azalea,global
Imagine Dragons,global|be|ca|fr
Internet Money,global|ca
Irama,global
Isaiah Firebrace,global
ItaloBrothers,global|be|ca
J Balvin,global|be|ca|fr
J Hus,global
J-AX,global
J. Cole,global|be|ca|fr
JACKBOYS,global|be|ca|fr
JAY-Z,global|be|ca|fr
JENNIE,global|be|ca
JP Cooper,global|be|ca|fr
JP Saxe,global|be|ca
Jack Harlow,global|be|ca
Jaden,global|ca
James Arthur,global|be|ca|fr
James Bay,global|be|ca|fr
James Blake,global|be|ca
James Blunt,global|be|ca|fr
James Hersey,global|be|ca|fr
Janelle Monáe,global|ca
Jason Derulo,global|be|ca|fr
Jason Mraz,global|be|ca|fr
Jax Jones,global|be|ca|fr
Jay Rock,global|be|ca|fr
Jennifer Lopez,global|be|ca|fr
Jeremy Zucker,global|ca
Jess Glynne,global|be|ca
Jesse and Joy,global
Jessie J,global|be|ca|fr
Jhay Cortez,global
Jhené Aiko,global|ca
Joakim Lundell,global
Joel Adams,global|be|ca|fr
Joey Bada$$,global|ca
Joey Montana,global
John Legend,global|be|ca|fr
John Lennon,global|be|ca|fr
John Lundvik,global|be
John Mayer,global|be|ca|fr
Johnny Mathis,global|be|ca
Joji,global|be|ca
Jojo Maronttinni,global
Joker Bra,global
Jon Bellion,global|be|ca
Jona Lewie,global
Jonas Blue,global|be|ca|fr
Jonas Brothers,global|be|ca|fr
Jorge and Mateus,global
Jorja Smith,global|be|ca|fr
José Feliciano,global|be|ca|fr
José José,global
Journey,global|be|ca
Joyner Lucas,global|be|ca
João Gustavo e Murilo,global
Juan Magán,global
Judy Garland,global|be|ca
Juice WRLD,global|be|ca|fr
Juju,global
Julia Michaels,global|be|ca|fr
Justin Bieber,global|be|ca|fr
Justin Hurwitz,global|be|fr
Justin Quiles,global
Justin Timberlake,global|be|ca|fr
K CAMP,global|be|ca
K/DA,global|be|ca
KALEO,global|be|fr
KAROL G,global|be|ca|fr
KC Rebell,global
KEiiNO,global
KHEA,global
KIDS SEE GHOSTS,global|be|ca|fr
KREAM,global|be|ca
KSI,global|be|ca
KYLE,global|be|ca|fr
Kacey Musgraves,global|be|ca
Kalazh44,global
Kamferdrops,global
Kane Brown,global|ca
Kanye West,global|be|ca|fr
Katy Perry,global|be|ca|fr
Kay Starr,global|be|ca
Keala Settle,global|be|ca|fr
Kehlani,global|be|ca
Kelly Clarkson,global|be|ca|fr
Kendrick Lamar,global|be|ca|fr
Kenny Man,global
Kenny Rogers,global|ca
Kesha,global|be|ca
Kevin Roldan,global
Khalid,global|be|ca|fr
Kiiara,global|be|ca
Kina,global|be|ca
King Princess,global|be|ca
KitschKrieg,global
Kodak Black,global|be|ca|fr
Kollegah,global
Kontra K,global
Kris Kross Amsterdam,global|be|ca|fr
Kungs,global|be|ca|fr
Kygo,global|be|ca|fr
Kylie Minogue,global|be|ca|fr
LANY,global|be|ca|fr
LX,global
La La Land Cast,global|be|ca|fr
Labrinth,global|ca
Lady Gaga,global|be|ca|fr
Lana Del Rey,global|be|ca|fr
Lauren Daigle,global|be|ca|fr
Lauren Jauregui,global
Lauv,global|be|ca|fr
Lazza,global
Lean Trap,global
Lele Pons,global|fr
Leon Bridges,global|be
Leona Lewis,global|be|ca|fr
Leslie Grace,global
Lewis Capaldi,global|be|ca|fr
Lexa,global
Liam Payne,global|be|ca|fr
Likybo,global|be|ca
Lil Baby,global|be|ca|fr
Lil Dicky,global|be|ca|fr
Lil Kleine,global|be
Lil Mosey,global|be|ca|fr
Lil Nas X,global|be|ca|fr
Lil Peep,global|be|ca|fr
Lil Pump,global|be|ca|fr
Lil Skies,global|be|ca
Lil Tecca,global|be|ca|fr
Lil Tjay,global|ca
Lil Uzi Vert,global|be|ca|fr
Lil Wayne,global|be|ca|fr
Lil Xan,global|be|ca
Lil Yachty,global|be|ca|fr
Linkin Park,global|be|ca|fr
Little Mix,global|be|ca
Lizzo,global|be|ca|fr
Logic,global|be|ca|fr
London Grammar,global|be|fr
Lord Huron,global|be|ca|fr
Lorde,global|be|ca|fr
Loredana,global
Loren Allred,global
Los Ángeles Azules,global
Lou Monte,global|be|ca
Loud Luxury,global|be|ca|fr
Louis The Child,global|be|ca
Louis Tomlinson,global|be|ca|fr
Luan Santana,global
Luca Hänni,global|be
Luche,global
Luciano,global
Ludmilla,global
Luis Fonsi,global|be|ca|fr
Luis Miguel,global
Lukas Graham,global|be|ca|fr
Luke Christopher,global|be|ca
Luke Combs,global|ca
Lunay,global|be|ca
Luísa Sonza,global
Lynyrd Skynyrd,global|be|ca
M.I.A.,global|be|ca|fr
MACHETE,global
MAX,global|be|ca
MC Bruninho,global
MC Du Black,global
MC Fioti,global|be|fr
MC G15,global
MC Ingryd,global
MC JottaPê,global
MC Kekel,global
MC Kevin o Chris,global
MC Kevinho,global
MC L da Vinte,global
MC Loma e As Gêmeas Lacração,global
MC MM,global
MC WM,global
MC's Jhowzinho and Kadinho,global
MEDUZA,global|be|ca|fr
MERO,global|be
Mabel,global|be|ca|fr
Mac Miller,global|be|ca|fr
Machine Gun Kelly,global|be|ca|fr
Macklemore,global|be|ca|fr
Macklemore and Ryan Lewis,global|be|ca|fr
Madison Beer,global|be|ca
Madonna,global|be|ca
Maes,global|be|fr
Maggie Lindemann,global|be|ca|fr
Maggie Rogers,global|be|ca
Mahmood,global|be|fr
Maite Perroni,global
Majid Jordan,global|ca
Major Lazer,global|be|ca|fr
Maluma,global|be|ca|fr
Mambo Kingz,global
Manuel Turizo,global
Marc Anthony,global
Marc E. Bassy,global|ca
Maren Morris,global|be|ca
Mariah Carey,global|be|ca|fr
Marian Hill,global|ca|fr
Marilyn Manson,global|ca
Mark Ronson,global|be|ca|fr
Maroon 5,global|be|ca|fr
Marracash,global
Marshmello,global|be|ca|fr
Martin Garrix,global|be|ca|fr
Martin Jensen,global|be|ca|fr
Martin Solveig,global|be|fr
Marvin Gaye,global|be|ca|fr
Marília Mendonça,global
Mason Ramsey,global|ca
Matheus and Kauan,global
Matt Terry,global|be|ca
Matthew Wilder,global|be|ca
Mau y Ricky,global
Mc Livinho,global
Meek Mill,global|be|ca|fr
Megan Thee Stallion,global|be|ca|fr
Meghan Trainor,global|be|ca
Mel and Kim,global|be|ca
Melanie Martinez,global
Melanie Thornton,global
Metro Boomin,global|be|ca|fr
MiC LOWRY,global|be|ca
Miami Yacine,global
Michael Bublé,global|be|ca|fr
Michael Jackson,global|be|ca|fr
Michael Schulte,global|be
Michelle Williams,global
Migos,global|be|ca|fr
Miguel,global|be|ca
Mike Perry,global|be|ca|fr
Mike Posner,global|be|ca|fr
Mike WiLL Made-It,global|be|ca
Mikolas Josef,global|be
Miley Cyrus,global|be|ca|fr
Milky Chance,global|be|ca
Mobb Deep,global|be|ca
Moon Taxi,global|be|ca
Morat,global
Mozzy,global|ca
Mud,global|be
Mumford and Sons,global|be|ca
Mura Masa,global|be
Murda,global
Muse,global|be|ca|fr
Mustard,global|be|ca
Myke Towers,global
Mykola Dmytrovych Leontovych,global|be|ca
MØ,global|be|ca|fr
Márcia Fellipe,global
N.E.R.D,global|be|ca|fr
NAV,global|be|ca
NEIKED,global|be|ca|fr
NF,global|be|ca|fr
NLE Choppa,global|be|ca
NOTD,global|be|ca
Nacho,global
Nano,global
Naomi Scott,global
Nas,global|be|ca
Nat King Cole,global|be|ca|fr
Nat King Cole Trio,global|be|ca
Natti Natasha,global
Nause,global|be|ca
Nekfeu,global|be|fr
Netta,global|be|fr
Nevada,global|be|ca
Niall Horan,global|be|ca|fr
Nick Jonas,global|be|ca|fr
Nicki Minaj,global|be|ca|fr
Nicky Jam,global|be|ca|fr
Nimo,global
Nina Nesbitt,global|be|ca
Ninho,global|be|fr
Nio Garcia,global|be|ca|fr
Nipsey Hussle,global|be|ca
Niska,global|be|fr
Noah Cyrus,global|be|ca
Noriel,global
Norm Ender,global
Normani,global|be|ca
OMI,global|be|fr
Oasis,global|be|ca|fr
Ofenbach,global|be|fr
Offset,global|be|ca|fr
Olivia Holt,global|be|ca
Olivia Rodrigo,global|be|ca
Omar Montes,global
OneRepublic,global|be|ca|fr
Orelsan,global|be|fr
Outkast,global
Ozuna,global|be|ca|fr
Ozzy Osbourne,global|ca
P!nk,global|be|ca|fr
PARTYNEXTDOOR,global|be|ca|fr
PEDRO SAMPAIO,global
PNL,global|be|ca|fr
PUBLIC,global
Pabllo Vittar,global
Paloma Mami,global
Panic! At The Disco,global|be|ca|fr
Paramore,global|be|ca
Passenger,global|be|ca
Paul McCartney,global|be|ca|fr
Paul Rosenberg,global|be|ca|fr
Paulo Londra,global|be
Pedro Capó,global|be|ca|fr
Peggy Lee,global|be|ca
Pentatonix,global|be|ca|fr
Perry Como,global|be|ca|fr
Peter Manos,global|be|ca
Petit Biscuit,global|be|ca|fr
Pharrell Williams,global|be|ca|fr
Phoenix,global|be|fr
Pinguini Tattici Nucleari,global
Piso 21,global
Pitbull,global|be|ca|fr
Playboi Carti,global|be|ca
PnB Rock,global|ca
Polo G,global|be|ca
Poo Bear,global|be|ca
Pop Smoke,global|be|ca|fr
Portugal. The Man,global|be|ca|fr
Post Malone,global|be|ca|fr
Powfu,global|be|ca|fr
Pretenders,global|be|ca
Prince Royce,global
Pusha T,global|be|ca
Quality Control,global|ca
Quavo,global|be|ca|fr
Queen,global|be|ca|fr
R3HAB,global|be|ca|fr
RAF Camora,global
RIN,global
RM,global
ROSALÍA,global|be|ca|fr
Rae Sremmurd,global|be|ca|fr
Rag'n'Bone Man,global|be|ca|fr
Rammstein,global|be|fr
Ramz,global|be
Rauw Alejandro,global
Ray Parker Jr.,global|be|ca|fr
Red Hot Chili Peppers,global|be|ca|fr
Red Velvet,global|ca
Regard,global|be|ca|fr
Reik,global|be
Residente,global
Rex Orange County,global|ca
Reynmen,global|be
Rich Brian,global|ca
Rich Music LTD,global
Rich The Kid,global|be|ca|fr
Rick Ross,global|be|ca|fr
Ricky Martin,global|be
Rihanna,global|be|ca|fr
Rita Ora,global|be|ca|fr
Riton,global|be|fr
Rob $tone,global|ca
Robin Bengtsson,global|be
Robin Schulz,global|be|ca|fr
Robyn,global|be
Rockwell,global|ca
Rod Wave,global|ca
Roddy Ricch,global|be|ca|fr
Romeo Santos,global
Rudimental,global|be|ca|fr
Russ,global|be|ca
Rvssian,global|ca
Ryan Gosling,global|be|ca|fr
SAINt JHN,global|be|ca|fr
SHAED,global|be|ca|fr
SHIRIN DAVID,global
SOB X RBE,global|be|ca|fr
SSIO,global
SZA,global|be|ca|fr
Sabrina Carpenter,global|be|ca
Sage The Gemini,global|be|ca|fr
Salmo,global
Salvador Sobral,global|be
Sam Feldt,global|be|ca|fr
Sam Hunt,global|be|ca
Sam Smith,global|be|ca|fr
Samra,global
San Holo,global|be|ca
Saweetie,global|ca
ScHoolboy Q,global|be|ca|fr
Sean Paul,global|be|ca|fr
Sebastian Yatra,global
Sech,global|be|ca
Seeb,global|be|ca
Selena Gomez,global|be|ca|fr
Sfera Ebbasta,global
Shaggy,global|be|ca|fr
Shakin' Stevens,global|be|ca
Shakira,global|be|ca|fr
Shawn Hook,global|be|ca
Shawn Mendes,global|be|ca|fr
Sheck Wes,global|be|ca|fr
Shelley FKA DRAM,global
Shindy,global
Shiva,global
SiR,global|be|ca
Sia,global|be|ca|fr
Sido,global
Sigala,global|be|ca|fr
Sigrid,global|be
Silk City,global|be|ca|fr
Ski Mask The Slump God,global|be|ca
Skrillex,global|be|ca|fr
Slade,global|be
Slipknot,global|be|ca
Smokepurpp,global|ca
Snakehips,global|be|ca|fr
Snow Patrol,global|be|ca
Social House,global|be|ca
Sofia Reyes,global|be|ca
Solange,global|be|ca
Soundgarden,global|be|ca
Stan Kenton,global|be|ca
Stanaj,global|be|ca
Stargate,global|be|ca|fr
Starley,global|be|ca|fr
State of Sound,global|be|ca
Stephanie Poetri,global
Steve Aoki,global|be|ca|fr
Stevie Wonder,global|be|ca|fr
Stormzy,global|be|ca
Street Rappers,global
Sub Urban,global
Summer Cem,global
Summer Walker,global|be|ca
Sunstroke Project,global|be
SuperM,global
Surf Mesa,global|be|ca|fr
Surfaces,global|be|ca|fr
Swae Lee,global|be|ca
TINI,global
TOKYO’S REVENGE,global|ca
TOMORROW X TOGETHER,global|ca
TOOL,global|be|ca
TOTO,global|be|ca
TWICE,global|ca
Tainy,global|ca
Takeoff,global|ca
Tame Impala,global|be|ca
Tay-K,global|ca
Taylor Swift,global|be|ca|fr
Tee Grizzley,global|ca
Thalia,global
The 1975,global|be|ca
The Beach Boys,global|be|ca
The Beatles,global|be|ca|fr
The Black Keys,global|be|ca
The Carters,global|be|ca|fr
The Chainsmokers,global|be|ca|fr
The Citizens of Halloween,global|ca
The Clash,global|be|ca|fr
The Cranberries,global|be|ca|fr
The Cratez,global
The Goo Goo Dolls,global|be|ca
The Jackson 5,global|be|ca|fr
The Killers,global|be|ca
The Platters,global|be|ca|fr
The Pogues,global|be|ca
The Police,global|be|ca|fr
The Ronettes,global|be|ca|fr
The Rudeboyz,global
The Script,global|be
The Strokes,global
The Vamps,global|be|ca|fr
The Weeknd,global|be|ca|fr
The xx,global|be|ca|fr
Thiaguinho MT,global
Thirty Seconds To Mars,global|be|ca
Thomas Gold,global|be|ca
Thomas Rhett,global|be|ca
Thurl Ravenscroft,global|be|ca
Tim Berg,global|be|ca|fr
Tiësto,global|be|ca|fr
Tom Petty,global|be|ca
Tom Petty and the Heartbreakers,global|ca
Tom Walker,global|be|ca|fr
Tones And I,global|be|ca|fr
Tony Bennett,global|be|ca|fr
Topic,global|be|fr
Tory Lanez,global|be|ca|fr
Tove Lo,global|be
Tove Styrke,global|be
Train,global|be|ca|fr
Travis Scott,global|be|ca|fr
Trevor Daniel,global|be|ca|fr
Trippie Redd,global|be|ca|fr
Tropijazz,global
Tropkillaz,global
Troye Sivan,global|be|ca|fr
True Damage,global|ca
Trío Los Josefinos,global
Twenty One Pilots,global|be|ca|fr
Ty Dolla $ign,global|be|ca|fr
Tyga,global|be|ca|fr
Tyler The Creator,global|be|ca|fr
U2,global|be|ca
Ufo361,global
Ugly God,global|ca
Ultimo,global
Vampire Weekend,global
Vance Joy,global|be|ca|fr
Veysel,global
Vice,global|be|ca
Vicetone,global
Vince Guaraldi Trio,global|be|ca
Vince Staples,global|be|ca|fr
VÉRITÉ,global|be|ca
WOS,global
Wesley Safadão,global
Wham!,global|be|ca|fr
Whitney Houston,global|be|ca|fr
Why Don't We,global|be|ca
Wiktoria,global
Wisin,global|be|ca|fr
Wisin and Yandel,global
Wiz Khalifa,global|ca
WizKid,global|ca
Wizzard,global
Wolfine,global
XXXTENTACION,global|be|ca|fr
Y2K,global|be|ca|fr
YBN Nahmir,global|ca
YG,global|be|ca|fr
YNW Melly,global|be|ca|fr
YUNGBLUD,global|be|ca
Yandel,global
Years and Years,global|be|ca
Yo Gotti,global|ca
Young M.A,global|ca
Young Thug,global|be|ca|fr
YoungBoy Never Broke Again,global|ca
ZAYN,global|be|ca|fr
Zac Efron,global|be|ca|fr
Zacari,global|be|ca
Zara Larsson,global|be|ca|fr
Zay Hilfigerrr,global|be|ca|fr
Zedd,global|be|ca|fr
Zion and Lennox,global
Ziv Zaifman,global
Zuna,global
Zé Neto and Cristiano,global
a-ha,global|be|ca|fr
alt-J,global|be|fr
benny blanco,global|be|ca|fr
blackbear,global|be|ca|fr
blink-182,global|ca
gnash,global|be|ca|fr
j-hope,global
tha Supreme,global
Şanışer,global
undefined,global|be|ca|fr
$hirak,be
100 Blaze,be|fr
13 Block,be|fr
3 Doors Down,be
3robi,be|fr
404Billy,be|fr
47ter,be|fr
4Keus,be|fr
50 Cent,be|ca|fr
5NAPBACK,be
98º,be
A Great Big World,be
ABBA,be
ALP,be|fr
Addal,be
Aerosmith,be|ca
Afrojack,be
Alex Da Kid,be|fr
Alex and Sierra,be
Alexander Rybak,be
Alexandra Stan,be
Ali B,be
Alma,be|fr
Alonzo,be|fr
Amanda Wittman,be
Amy Winehouse,be
Andreas Weise,be|ca
Andrelli,be|fr
Andrew McMahon in the Wilderness,be
André Hazes Jr.,be
Angemi,be
Angus and Julia Stone,be|fr
Angèle,be|fr
Arcade Fire,be|ca
Arlissa,be
Ashafar,be
Au/Ra,be
Aya Nakamura,be|fr
BANKS,be
BLØF,be
Badpojken,be
Bakermat,be|fr
Balthazar,be
Bantu,be
Bart Peeters,be
Basic Tape,be
Bazart,be
Ben E. King,be
Ben Howard,be|ca
Bigflo and Oli,be|fr
Bilal Hassani,be|fr
Billy Joel,be
Birdy,be
Bizzey,be
Black Coffee,be|fr
Blackstreet,be|ca
Bobby McFerrin,be|ca
Bolémvn,be|fr
Bon Entendeur,be|fr
Bon Jovi,be
Bonobo,be
Bramsito,be|fr
Brihang,be
Broederliefde,be
Broken Back,be|fr
Bryan Mg,be
BØRNS,be
Caballero and JeanJass,be|fr
CamelPhat,be
Carlie Hanson,be|ca
Cascada,be
Celeste,be
Cesar Sampson,be
Chantel Jeffries,be|ca
Charles Aznavour,be|ca|fr
Charles and Eddie,be
Chico Rose,be|fr
Chily,be|fr
Chivv,be
Christine and the Queens,be|fr
Ciara,be
Clouseau,be
Columbine,be|fr
Commodores,be
Coolio,be|ca
Corinne Bailey Rae,be
Curtis Alto,be
Cyndi Lauper,be|fr
D.A.V,be|fr
D5R,be
DA Uzi,be|fr
DJ Fresh,be
DJ Licious,be
DJ Yolotanker,be
DMX,be|ca
DRAM,be|ca|fr
DTF,be|fr
Dadju,be|fr
Danny Avila,be
Danny Vera,be
Darude,be
Davai,be
Davina Michelle,be
Daði Freyr,be
De Grote Peter Van de Veire Ochtendshow,be
Deepend,be
Delv!s,be
Demy,be
Dexys Midnight Runners,be|ca
Dihaj,be
Dire Straits,be
Disciples,be
Disturbed,be
Djadja and Dinaz,be|fr
Djamila,be
Dodo,be
Dog Collective,be
Dom Dolla,be
Don Diablo,be|ca|fr
Dopebwoy,be
Dorentina,be
Dosseh,be|fr
Double Pleasure,be
Dr Phunk,be
Dr Vades,be
Dr. Dre,be|fr
Eagle-Eye Cherry,be
Editors,be
Edward Sharpe and The Magnetic Zeros,be|ca|fr
Eefje de Visser,be
Eliot,be
Ella Eyre,be
Ella Vos,be
Emeli Sandé,be
Emma Bale,be
Equalz,be
Equinox,be
Esko,be
Etta James,be|ca
Eva,be|fr
FISHER,be
Famke Louise,be
Fatah,be
Fedde Le Grand,be
Fetty Wap,be|ca
Fijimafia,be
First Aid Kit,be
Flosstradamus,be
Foy Vance,be
France Gall,be|fr
Francesco Gabbani,be
Freya Ridings,be|fr
Fuse ODG,be
GLK,be|fr
Gala,be|fr
Gato,be|fr
Gavin James,be|fr
Gene Thomas,be
George Michael,be
Gerry and The Pacemakers,be
Gers Pardoel,be
Gert Verhulst,be
Girls In Hawaii,be
Glee Cast,be|ca
Gnarls Barkley,be|fr
Gorki,be
Gotye,be|fr
Grace VanderWaal,be|ca
Gringe,be|fr
Grover Washington Jr.,be
Guns N' Roses,be|ca
Guru Josh Project,be
Guy2bezbar,be|fr
HAEVN,be
HEDEGAARD,be
Haddaway,be
Halloran and Kate,be|fr
Hamza,be|fr
Hans Zimmer,be
Hardwell,be
Hatik,be|fr
Hef,be
Henkie T,be
Henri PFR,be
Het Zesde Metaal,be
Heuss L'enfoiré,be|fr
Hippie Sabotage,be
Hook N Sling,be
Hooverphonic,be
Hornet La Frappe,be|fr
Hot Shade,be
Hovig,be
IBE,be
ICO,be|fr
IMRI,be
Ikaz Boi,be|fr
IliassOpDeBeat,be
Ilinca,be
Imany,be|fr
Imen Es,be|fr
Ina Wroldsen,be
Isabelle A,be
Isaiah,be|ca
Ismo,be
J Pablo,be
JES,be
JLM,be
JOWST,be
Jacin Trill,be
Jack Johnson,be|ca
Jacob Banks,be
Jacques Houdek,be
Jain,be|fr
Jairzinho,be
James Hype,be
James TW,be|ca|fr
Jamie Cullum,be|fr
Jamie Lawson,be
Jasper Steverlinck,be
Jebroer,be
Jessie Ware,be
Jimmy Durante,be|ca
JoeyAK,be
John Denver,be|ca
John Gibbons,be
John Newman,be
John Travolta,be
Johnny Hallyday,be|fr
Jonna Fraser,be
Joost,be
Jordan Smith,be|ca
Josef Bamba,be
Josh Groban,be|ca|fr
Josje,be
Josman,be|fr
Josylvio,be
José González,be
Jubël,be
Jul,be|fr
K3,be
KA,be
Kaaris,be|fr
Kalash,be|fr
Kalash Criminel,be|fr
Kalvijn,be
Karen Damen,be
Kate Miller-Heidke,be
Kate Ryan,be
KeBlack,be|fr
Keane,be
Keiino,be
Kendji Girac,be|fr
Kenn Colt,be
Kenny Loggins,be|ca
Kent Jones,be|ca
Kevin,be
Kezah,be|fr
Killer Kamal,be
Kings of Leon,be|fr
Koba LaD,be|fr
Kodaline,be|fr
Kommil Foo,be
Kosso,be
Kpoint,be|fr
Kraantje Pappie,be
Krezip,be
Kristian Kostov,be
Krisy,be
Kölsch,be
L'Algérino,be|fr
LMFAO,be
LP,be|fr
LUM!X,be|fr
LYSA,be
Lacrim,be|fr
Lady Linn,be
Lake Malawi,be
Lalah Hathaway,be
Larry,be|fr
Lartiste,be|fr
Laura Tesoro,be
Laylow,be|fr
LeAnn Rimes,be|ca
Lea Rue,be
Lefa,be|fr
Leto,be|fr
Life of Dillon,be
Lijpe,be
Lijpe x Ismo,be
Like Mike,be
LikeMe Cast,be
Lomepal,be|fr
Loote,be|ca
Lorenzo,be|fr
Lost Frequencies,be|fr
Louane,be|fr
LouiVos,be
Louis Armstrong,be|fr
Loïc Nottet,be|fr
Lucas and Steve,be
Lucie Jones,be
Lulleaux,be
Lykke Li,be|fr
M. Pokora,be|fr
MATTN,be|fr
MHD,be|fr
Madame Monsieur,be|fr
Mahalia,be
Mahmut Orhan,be
Makasi,be
Mama's Jasje,be
Manel Navarro,be
Marco Borsato,be
Margaret,be
Marwa Loud,be|fr
Masego,be
Mastachi,be
Mat McHugh,be
Mathieu Koss,be|fr
Matoma,be
Matt Simons,be|fr
Maurane,be|fr
Maître Gims,be|fr
Medine,be|fr
Metallica,be
Metejoor,be
Micar,be
Michela,be
Mila Crowell,be
Milo Meskens,be
Mister V,be|fr
Moha La Squale,be|fr
Mohombi,be
Mr. Probz,be|ca
Mula B,be
Møme,be|fr
Naestro,be|fr
Naps,be|fr
Nassi,be|fr
Natalia,be
Natalie Taylor,be|ca
Nathan Goshen,be
Nathan Sykes,be
Nathan Trent,be
Nathaniel Rateliff and The Night Sweats,be
Naughty Boy,be
Naza,be|fr
Nea,be|fr
Netsky,be
Nick Cave and The Bad Seeds,be
Nico Santos,be
Niels Destadsbader,be
Niels and Wiels,be
Nielson,be
Niro,be|fr
Nirvana,be|fr
Noah Kahan,be
Norah Jones,be|ca
Népal,be|fr
OG3NE,be
OT,be
Olivia O'Brien,be
One Bit,be
Oscar Peterson,be
Oscar and the Wolf,be
Otis Redding,be|ca
Otto Knows,be
OutKast,be|ca|fr
Ozark Henry,be
PLK,be|fr
Paloma Faith,be
PartyFriex,be
Paul Severs,be
Paul Simon,be
Pearl Jam,be
Phil Collins,be|ca
Pink Floyd,be
Priceless,be
Prince,be|ca
Puri,be
Purple Disco Machine,be|fr
Pápai Joci,be
Queens of the Stone Age,be
R.E.M.,be
RHODES,be|fr
RK,be|fr
ROZES,be|ca
Rachel Platten,be|ca
Radiohead,be|fr
Ramin Djawadi,be|fr
Rasmussen,be
Red Athena,be
Redbone,be|ca|fr
Regi,be
Rene Karst,be
Rim'K,be|fr
Riverdale Cast,be|fr
Robert Miles,be
Robinson,be
Roger Shah,be
Roméo Elvis,be|fr
Ronnie Flex,be
Rostam,be|ca
Roxette,be
Royal Blood,be
Rusted Root,be|ca
Ruth B.,be|ca
Rémy,be|fr
S.Pri Noir,be|fr
SBMG,be
SCH,be|fr
SFB,be
SJUR,be|ca
SOHN,be
SYML,be|fr
Saara Aalto,be
Sad Eye,be
Sadek,be|fr
Sam Cooke,be|ca
Samson and Gert,be
Sara Gold,be
Sean Dhondt,be
Seedy,be
Selma Omari,be
Sem Thomasson,be
Sennek,be
Sevn Alias,be
Shay,be|fr
Sheffield,be|ca
Sheppard,be
Showtek,be
Siboy,be|fr
Silvy,be
Sixpence None The Richer,be
Smash Mouth,be|ca
Sneazzy,be|fr
Snelle,be
Sofi Tukker,be|ca
Sofiane,be|fr
Sondr,be
Soolking,be|fr
Soprano,be|fr
Sordal,be
Soufiane Eddyani,be
Soulwax,be
Spanker,be
Spice Girls,be|ca|fr
Spring,be
Squeezie,be|fr
Stromae,be|fr
Suikon Blaz AD,be|fr
Suprême NTM,be|fr
Suzan and Freek,be
Swing,be|fr
Sylver,be
System Of A Down,be
Tamino,be
Tamta,be
Tate McRae,be|ca
Tavi Castro,be
The Blockparty,be
The Boy Next Door,be
The Cure,be
The Isley Brothers,be|ca
The Kooks,be
The Lumineers,be|ca|fr
The Magician,be
The Main Level,be
The National,be
The Notorious B.I.G.,be|ca
The Paper Kites,be
The Partysquad,be
The Pointer Sisters,be|fr
The Prodigy,be
The Rolling Stones,be|ca|fr
The Starlings,be
The Strumbellas,be|fr
The Temptations,be
The Trammps,be
The Verve,be|ca|fr
The War On Drugs,be
Therapie TAXI,be|fr
Tim Arisu,be
Timal,be|fr
Timbaland,be
Timeflies,be|ca
Tinashe,be|ca
Tinie Tempah,be
Todiefor,be|fr
Tom Hangs,be
Tom Odell,be|fr
Tonya,be
Toploader,be
Tori Kelly,be
Tourist LeMC,be
Trifecta,be
Trobi,be
Tungevaag and Raaban,be
Twin n Twice,be
UB40,be
Ummet Ozcan,be
Used,be
VIZE,be|fr
Vald,be|fr
Van Echelpoel,be
Van Morrison,be|ca
Vanessa Carlton,be
Various Artists,be
Vegedream,be|fr
Vianney,be|fr
Vigiland,be
Vitaa,be|fr
Vladimir Cauchemar,be|fr
W817 Band,be
Walid Sevran,be|fr
Wally,be
Warhola,be
Wolf Alice,be|ca
Wouter Dewit,be
Wyclef Jean,be|ca
Wynton Marsalis,be|ca|fr
Xink!,be
YG Pablo,be|fr
Yacine,be
Yann Tiersen,be
Yaro,be|fr
Yellow Claw,be
Yung Felix,be
Yung Mavu,be
Yves V,be
Yxng Le,be
Zola,be|fr
Zwangere Guy,be
blackwave.,be
bvd kult,be
fun.,be
mansionz,be
16yrold,ca
88GLAM,ca
88rising,ca
Adventure Club,ca
Al Green,ca
Alexisonfire,ca
Alicia Moffet,ca
Allie X,ca
Alyssa Reid,ca
Ambjaay,ca
Anevo,ca
Anjulie,ca
Arkells,ca
Artist,ca
Ashnikko,ca
Auli'i Cravalho,ca
B.o.B,ca
Baby Keem,ca
Bad Wolves,ca
Baka Not Nice,ca
Barenaked Ladies,ca
Bea Miller,ca
Bek Phillips,ca
Belly,ca
Bhad Bhabie,ca
Blake Shelton,ca
Bob Pressner,ca
Breland,ca
Brett Young,ca
CVBZ,ca
Cassow,ca
Charlotte Cardin,ca|fr
China Anne McClain,ca
Chris Botti,ca
Chris Lane,ca
Chris Stapleton,ca
Chris Young,ca
Christian Hudson,ca
Christopher,ca
City Girls,ca
Coleman Hell,ca
Comethazine,ca
Counting Crows,ca
Creedence Clearwater Revival,ca
DJ Diddy,ca
DJ ESCO,ca
DOLF,ca
Dan Talevski,ca
Dave,ca
DeJ Loaf,ca
Dead Or Alive,ca
Denzel Curry,ca
DiRTY RADiO,ca
Diana Krall,ca
Dierks Bentley,ca
Dixie Chicks,ca
Drax Project,ca
Dropkick Murphys,ca
Duran Duran,ca
Dustin Lynch,ca
Dylan Diamond,ca
Earl Sweatshirt,ca
Eli Young Band,ca
Elijah Woods x Jamie Fine,ca
Em Rossi,ca
Empire of the Sun,ca
Eve,ca
FKA twigs,ca
Fat Joe,ca
Felix Cartal,ca
Gabby Barrett,ca
Gang Starr,ca
Ghost,ca
Hazers,ca
Hedley,ca
JID,ca
Jake Owen,ca
Jason Aldean,ca
Jay Chou,ca
Jazz Cartier,ca
Jessie Reyez,ca
Jimmy Eat World,ca
Jocelyn Alice,ca
John Carpenter,ca
Johnny Cash,ca|fr
Jon Pardi,ca
Jonathan Roy,ca
Joni Mitchell,ca
Jordan Davis,ca
Josh Jips,ca
Juicy J,ca
Julie Bergan,ca
KILLY,ca
Karl Wolf,ca
Keith Urban,ca
Kelsea Ballerini,ca
Kenny Chesney,ca
Kevin Gates,ca
Keys N Krates,ca
Khlaw,ca
Kid Cudi,ca|fr
Kindler Shah,ca
Kris Wu,ca
Kyle Dixon and Michael Stein,ca
LANCO,ca
La Bottine Souriante,ca
Laurence Nerbonne,ca
Lennon Stella,ca
Leoni Jut,ca
Leroy Styles,ca
Lights,ca
Lil Adrei,ca
Lil Monet,ca
Little Nell,ca
London On Da Track,ca
Lost Kings,ca
Loud,ca
Lucky Rose,ca
Luke Bryan,ca
M83,ca|fr
MC Ty,ca
MGMT,ca
Madalen Duke,ca
MadeinTYO,ca
Marianas Trench,ca
Massari,ca
Maty Noyes,ca
Mikey.Otx,ca
Miquela,ca
Mitchell Tenpenny,ca
Moneybagg Yo,ca
Morgan Wallen,ca
Murda Beatz,ca
Mötley Crüe,ca
NERVO,ca
NEW CITY,ca
Nazo Bravo,ca
Neil Diamond,ca
NexXthursday,ca
Of Monsters and Men,ca
Old Dominion,ca
PRETTYMUCH,ca
Pink Sweat$,ca
Plain White T's,ca
Preme,ca
Pressa,ca
R. Kelly,ca
Rob Zombie,ca
Roy Woods,ca
Rube Claws,ca
Run–D.M.C.,ca
Rush,ca
Russell Dickerson,ca
Ryan Riback,ca
Ryland James,ca
Rytmeklubben,ca
SHY Martin,ca
Sarah McLachlan,ca
Saya,ca
Scott Helman,ca
Shania Twain,ca
Shaun Frank,ca
Skye,ca
SonReal,ca
Stunna 4 Vegas,ca
Sueco the Child,ca
Sugarland,ca
Sultan + Shepard,ca
Sydney Lauren,ca
TLC,ca
TRXD,ca
Temple Of The Dog,ca
The 7 Dimensions,ca
The Calling,ca
The City of Prague Philharmonic Orchestra,ca
The Foundations,ca
The Fray,ca
The Heist,ca
The Katherines,ca
The Kid LAROI,ca
The Tragically Hip,ca
Traditional,ca|fr
Tritonal,ca
Trouble,ca
Tyron Hapi,ca
VINAI,ca
Van Halen,ca|fr
Vanic,ca
Vic Mensa,ca
Virginia To Vegas,ca
Wale,ca
Walk Off the Earth,ca
Warren Zevon,ca
Weezer,ca
X Ambassadors,ca|fr
YBN Cordae,ca
YK Osiris,ca
Yeezys Activist,ca
Yes Mccan,ca
Young Money,ca
Yung Anime,ca
Yung Gravy,ca
Zac Brown Band,ca
ayokay,ca
bbno$,ca
bülow,ca
dvsn,ca
iDubbbz,ca
iann dior,ca
lovelytheband,ca
-M-,fr
4Keus Gang,fr
AM,fr
AM La Scampia,fr
Abou Debeing,fr
Adam Naas,fr
Alan Silvestri,fr
Alice Merton,fr
Alkpote,fr
Aloe Blacc,fr
Alpha 5.20,fr
Alpha Wann,fr
Amir,fr
Amy,fr
Anna of the North,fr
Arcadian,fr
Asaf Avidan and the Mojos,fr
Ash Kidd,fr
Aslove,fr
Ateyaba,fr
Ayọ,fr
B.B. King,fr
BMYE,fr
BRVMSOO,fr
Badjer,fr
Barbra Streisand,fr
Basada,fr
Bellini,fr
Ben DJ,fr
Benab,fr
Benash,fr
Bengous,fr
Big Boi,fr
Björk,fr
Black M,fr
Bob Sinclar,fr
Boostee,fr
Boozoo Bakhaw,fr
Bosh,fr
Boulevard des Airs,fr
Boyz II Men,fr
Breakbot,fr
Brian McKnight,fr
Brulux,fr
Busta Flex,fr
Busy P,fr
Carla,fr
Carla Bruni,fr
Cats On Trees,fr
Cecilia Krull,fr
Cedric Gervais,fr
Clara Luciani,fr
Claudio Capéo,fr
Clementine Duo,fr
Cocoon,fr
Cœur De Pirate,fr
DENZO,fr
DJ Babs,fr
DJ Erise,fr
DJ Hamida,fr
DJ Kayz,fr
DJ Sem,fr
Dabs,fr
Daft Punk,fr
Dagny,fr
Dalida,fr
Daniel Lavoie,fr
Daughter,fr
Deen Burbigo,fr
Deorro,fr
Des'ree,fr
Diddi Trix,fr
Dinor rdt,fr
Dinos,fr
Disiz La Peste,fr
Diva Faune,fr
Django,fr
Doks,fr
Donna Lewis,fr
Doums,fr
Dry,fr
Dubdogz,fr
Duck Sauce,fr
Dundas,fr
Eddy de Pretto,fr
Elams,fr
Elephanz,fr
Eliza May,fr
Estelle,fr
FDVM,fr
Fakear,fr
Fally Ipupa,fr
Feder,fr
Franglish,fr
Frenetics,fr
Fugees,fr
Garou,fr
Gaspard Royant,fr
Georgio,fr
Giant Rooks,fr
Gilbert Montagné,fr
Gloria Gaynor,fr
Glove,fr
Gossip,fr
Greg June,fr
Guizmo,fr
HEDIA,fr
HUGEL,fr
Hankock,fr
Hayce Lemsi,fr
Henri Dès,fr
Hermes House Band,fr
Hiro,fr
Hollysiz,fr
Hooss,fr
Hoshi,fr
Hugh Martin,fr
Hugo Nogam,fr
Hugo TSR,fr
Hös Copperfield,fr
Iam,fr
Images,fr
Indochine,fr
Interpreti dello spettacolo "Bella Ciao",fr
Izzy Bizu,fr
JOYCA,fr
Jacqueline François,fr
Jacques Dutronc,fr
Jaded,fr
Jahyanai,fr
Jahyanai King,fr
James Brown,fr
James Vincent McMorrow,fr
Jamiroquai,fr
Jazzy Bazz,fr
Jen Jis,fr
Jenifer,fr
Jerome,fr
Jesper Jenset,fr
Joe Dassin,fr
Joe Dwet File,fr
John Williams,fr
Jok'air,fr
Joss Stone,fr
Joyce Jonathan,fr
Juicy P,fr
Julian Perretta,fr
Julien Doré,fr
Juliette Armanet,fr
Junior Bvndo,fr
Justice,fr
Jérémy Frerot,fr
K'NAAN,fr
KIKESA,fr
Kate Bush,fr
Kavinsky,fr
Kaza,fr
Keen' V,fr
Kekra,fr
Kery James,fr
Key Largo,fr
Kidaki,fr
Klem Schen,fr
Kodes,fr
Kofs,fr
Kopp Johnson,fr
L'Antidote LaFamille,fr
La Fouine,fr
La Synesia,fr
Landy,fr
Lee Ann Womack,fr
Les Enfoirés,fr
Les Frangines,fr
Les Gordon,fr
Lewis Watson,fr
Line Renaud,fr
Lisandro Cuxi,fr
Lou Bega,fr
Louise Attaque,fr
Lujipeka,fr
Luv Resval,fr
Lynda,fr
MAI LAN,fr
MMZ,fr
MRC,fr
MZ,fr
Maan On The Moon,fr
Mac Tyer,fr
Madcon,fr
Madeleine Peyroux,fr
Maejor,fr
Maesic,fr
Mafia Spartiate,fr
Magic System,fr
Manu Dibango,fr
Marina Kaye,fr
Mario,fr
Marnik,fr
Mayo,fr
Mc Solaar,fr
Mel Tormé,fr
Micael,fr
Michael Sembello,fr
Michel Sardou,fr
Missy and Blonde,fr
Mister You,fr
MisterWives,fr
Moha k,fr
Moubarak,fr
Mt. Wolf,fr
Mylène Farmer,fr
N'seven7,fr
NKD,fr
Naar,fr
Naive New Beaters,fr
Nana Mouskouri,fr
Nino B,fr
OBOY,fr
Olga Chung,fr
Oxmo Puccino,fr
PRIME,fr
Parcels,fr
Parov Stelar,fr
Partenaire Particulier,fr
Patrick Bruel,fr
Paul Anka et son orchestre,fr
Petit Papa Noël,fr
Pink Martini,fr
Pins and Dimeh,fr
Polo and Pan,fr
Q.E Favelas,fr
RIDSA,fr
Ray Charles and Friends,fr
Rhye,fr
Rilès,fr
Robbie Williams,fr
Robin Thicke,fr
Roch Voisine,fr
Rohff,fr
Rufus Wainwright,fr
S-Pion,fr
S.Crew,fr
SAINT PHNX,fr
SDM,fr
SIYYU,fr
SKG,fr
Saian Supa Crew,fr
Saint Michel,fr
Saint Motel,fr
Sam's,fr
Sampha,fr
Sara Farell,fr
Savage Garden,fr
Scridge,fr
Seal,fr
Section Pull Up,fr
Seezy,fr
Seizur,fr
Shotas,fr
Sifax,fr
Sirius,fr
Slimane,fr
Snoop Dogg,fr
Soft Cell,fr
Soso Maness,fr
Souf,fr
Sound Of Legend,fr
Stefflon Don,fr
Still Fresh,fr
Stupeflip,fr
Synapson,fr
T2R,fr
TAL,fr
TK,fr
Tayc,fr
Tess,fr
The Avener,fr
The Blaze,fr
The Drifters,fr
The Everly Brothers,fr
The Faim,fr
The Prince Karma,fr
The Supremes,fr
The Tesca Country Clan,fr
The White Stripes,fr
Theory of a Deadman,fr
Thomas Daniel,fr
Tibz,fr
Tino Rossi,fr
Tore Bojsten,fr
Tracy Chapman,fr
Trois Cafés Gourmands,fr
Tryo,fr
Tsew The Kid,fr
Tujamo,fr
Two Door Cinema Club,fr
Usher,fr
Walking On Cars,fr
YL,fr
Yall,fr
Yannou JR,fr
Younotus,fr
Youssoupha,fr
Yseult,fr
Yuzmv,fr
Zaho,fr
Zikxo,fr
Zoupouti,fr
inoxtag,fr
joysad,fr
twinsmatic,fr
will.i.am,fr
Ødyssey,fr